{
  "test/integration/FirstJourney.js": 1705680561554,
  "test/integration/pages/RisksObjectPage.js": 1705680561694,
  "test/integration/pages/RisksList.js": 1705680561462,
  "test/integration/opaTests.qunit.js": 1705680559278,
  "i18n/i18n.properties": 1705680654528,
  "test/testsuite.qunit.js": 1705680556506,
  "xs-app.json": 1705839345916,
  "manifest.json": 1705839345932,
  "Component.js": 1705680555602,
  "Component-dbg.js": 1705680555602,
  "Component.js.map": 1705839357244,
  "test/integration/pages/RisksList-dbg.js": 1705680561462,
  "test/integration/pages/RisksList.js.map": 1705839357260,
  "test/integration/opaTests.qunit-dbg.js": 1705680559278,
  "test/integration/opaTests.qunit.js.map": 1705839357246,
  "test/integration/FirstJourney-dbg.js": 1705680561554,
  "test/integration/FirstJourney.js.map": 1705839357255,
  "test/testsuite.qunit-dbg.js": 1705680556506,
  "test/testsuite.qunit.js.map": 1705839357250,
  "test/integration/pages/RisksObjectPage-dbg.js": 1705680561694,
  "test/integration/pages/RisksObjectPage.js.map": 1705839357250,
  "Component-preload.js": 1705839357411,
  "Component-preload.js.map": 1705839357411,
  "test/integration/opaTests.qunit.html": 1705680559266,
  "test/testsuite.qunit.html": 1705680555746,
  "test/flpSandbox.html": 1705680555746,
  "localService/metadata.xml": 1705680555738,
  "index.html": 1705680555602
}